director,board
bottom_2149,top_1
bottom_2910,top_1
bottom_3684,top_1
bottom_3754,top_1
bottom_766,top_2
bottom_1854,top_2
bottom_2166,top_2
bottom_88,top_3
bottom_2242,top_3
bottom_2637,top_3
bottom_2745,top_3
bottom_3862,top_3
bottom_639,top_4
bottom_2242,top_4
bottom_2606,top_4
bottom_2637,top_4
bottom_4391,top_4
bottom_207,top_5
bottom_1290,top_5
bottom_1576,top_5
bottom_2606,top_5
bottom_3153,top_5
bottom_744,top_6
bottom_2745,top_6
bottom_3558,top_6
bottom_313,top_7
bottom_409,top_7
bottom_1640,top_7
bottom_2814,top_7
bottom_4285,top_7
bottom_5342,top_7
bottom_4285,top_8
bottom_5342,top_8
bottom_5436,top_8
bottom_1011,top_10
bottom_1605,top_10
bottom_4204,top_10
bottom_4870,top_10
bottom_64,top_11
bottom_1286,top_11
bottom_1988,top_11
bottom_3734,top_11
bottom_4124,top_11
bottom_4460,top_11
bottom_4870,top_11
bottom_937,top_12
bottom_1011,top_12
bottom_1605,top_12
bottom_905,top_13
bottom_1236,top_13
bottom_3583,top_13
bottom_4414,top_13
bottom_5467,top_13
bottom_1222,top_14
bottom_1496,top_14
bottom_2171,top_14
bottom_2732,top_14
bottom_3600,top_14
bottom_4345,top_14
bottom_4531,top_14
bottom_5237,top_14
bottom_5539,top_14
bottom_253,top_15
bottom_1021,top_15
bottom_1473,top_15
bottom_3054,top_15
bottom_3219,top_15
bottom_1473,top_16
bottom_1577,top_16
bottom_5569,top_16
bottom_767,top_17
bottom_2105,top_17
bottom_3054,top_17
bottom_5441,top_17
bottom_5716,top_17
bottom_361,top_18
bottom_1085,top_18
bottom_3212,top_18
bottom_742,top_19
bottom_3228,top_19
bottom_5569,top_19
bottom_624,top_20
bottom_2033,top_20
bottom_2826,top_20
bottom_3054,top_20
bottom_3503,top_20
bottom_3596,top_20
bottom_5447,top_20
bottom_1246,top_21
bottom_1515,top_21
bottom_5169,top_21
bottom_75,top_22
bottom_541,top_22
bottom_1246,top_22
bottom_2341,top_22
bottom_3563,top_22
bottom_5485,top_22
bottom_642,top_23
bottom_1452,top_23
bottom_1515,top_23
bottom_2658,top_23
bottom_3409,top_23
bottom_3648,top_23
bottom_5558,top_23
bottom_219,top_24
bottom_2182,top_24
bottom_3054,top_24
bottom_3503,top_24
bottom_4194,top_24
bottom_4404,top_24
bottom_4725,top_24
bottom_940,top_25
bottom_1246,top_25
bottom_1531,top_25
bottom_4277,top_25
bottom_5015,top_25
bottom_775,top_26
bottom_1670,top_26
bottom_3725,top_26
bottom_73,top_27
bottom_204,top_27
bottom_1572,top_27
bottom_5272,top_27
bottom_5485,top_27
bottom_170,top_28
bottom_425,top_28
bottom_1186,top_28
bottom_1525,top_28
bottom_2958,top_28
bottom_3438,top_28
bottom_3773,top_28
bottom_891,top_29
bottom_3609,top_29
bottom_5528,top_29
bottom_2144,top_30
bottom_2268,top_30
bottom_2636,top_30
bottom_2796,top_30
bottom_2812,top_30
bottom_2840,top_30
bottom_4284,top_30
bottom_4880,top_30
bottom_1059,top_31
bottom_1243,top_31
bottom_1316,top_31
bottom_3094,top_31
bottom_3119,top_31
bottom_687,top_32
bottom_3107,top_32
bottom_3275,top_32
bottom_709,top_33
bottom_833,top_33
bottom_2228,top_33
bottom_276,top_34
bottom_1054,top_34
bottom_3346,top_34
bottom_1123,top_35
bottom_3373,top_35
bottom_5195,top_35
bottom_657,top_36
bottom_2623,top_36
bottom_3708,top_36
bottom_5215,top_36
bottom_5342,top_36
bottom_358,top_37
bottom_577,top_37
bottom_623,top_37
bottom_684,top_37
bottom_832,top_37
bottom_1473,top_37
bottom_4892,top_37
bottom_5671,top_37
bottom_718,top_38
bottom_2117,top_38
bottom_2281,top_38
bottom_3245,top_38
bottom_3950,top_38
bottom_4249,top_38
bottom_4961,top_38
bottom_1357,top_39
bottom_2051,top_39
bottom_3033,top_39
bottom_3611,top_39
bottom_3621,top_39
bottom_3852,top_39
bottom_4186,top_39
bottom_1015,top_40
bottom_1686,top_40
bottom_2699,top_40
bottom_2260,top_41
bottom_2823,top_41
bottom_2898,top_41
bottom_2919,top_41
bottom_3222,top_41
bottom_3358,top_41
bottom_2180,top_42
bottom_3244,top_42
bottom_3843,top_42
bottom_4756,top_42
bottom_5100,top_42
bottom_2073,top_43
bottom_2097,top_43
bottom_2158,top_43
bottom_2200,top_43
bottom_4020,top_43
bottom_1011,top_44
bottom_1538,top_44
bottom_1605,top_44
bottom_1612,top_44
bottom_1233,top_45
bottom_2176,top_45
bottom_2854,top_45
bottom_4664,top_45
bottom_1997,top_47
bottom_2668,top_47
bottom_3242,top_47
bottom_3317,top_47
bottom_5347,top_47
bottom_947,top_48
bottom_1337,top_48
bottom_2709,top_48
bottom_3589,top_48
bottom_5092,top_48
bottom_396,top_49
bottom_1252,top_49
bottom_3198,top_49
bottom_3827,top_49
bottom_5342,top_49
bottom_1006,top_51
bottom_2120,top_51
bottom_2450,top_51
bottom_3091,top_51
bottom_4806,top_51
bottom_5118,top_51
bottom_224,top_52
bottom_838,top_52
bottom_1241,top_52
bottom_1931,top_52
bottom_3550,top_52
bottom_3800,top_52
bottom_4020,top_52
bottom_4021,top_52
bottom_4708,top_52
bottom_1380,top_53
bottom_1770,top_53
bottom_2266,top_53
bottom_3093,top_53
bottom_5020,top_53
bottom_184,top_54
bottom_340,top_54
bottom_3005,top_54
bottom_5321,top_54
bottom_519,top_55
bottom_1515,top_55
bottom_1707,top_55
bottom_5485,top_55
bottom_847,top_56
bottom_1119,top_56
bottom_1234,top_56
bottom_1755,top_56
bottom_4357,top_56
bottom_1243,top_57
bottom_1273,top_57
bottom_1481,top_57
bottom_1930,top_57
bottom_1963,top_57
bottom_2066,top_57
bottom_3230,top_57
bottom_4956,top_57
bottom_5376,top_57
bottom_5449,top_57
bottom_141,top_58
bottom_182,top_58
bottom_916,top_58
bottom_2004,top_58
bottom_4265,top_58
bottom_5227,top_58
bottom_661,top_59
bottom_1717,top_59
bottom_2331,top_59
bottom_3499,top_59
bottom_3587,top_59
bottom_4806,top_59
bottom_5128,top_59
bottom_968,top_60
bottom_1683,top_60
bottom_2012,top_60
bottom_3783,top_60
bottom_4515,top_60
bottom_16,top_61
bottom_1702,top_61
bottom_2235,top_61
bottom_4503,top_61
bottom_3269,top_62
bottom_4458,top_62
bottom_5420,top_62
bottom_1414,top_63
bottom_1432,top_63
bottom_1996,top_63
bottom_2016,top_63
bottom_1208,top_64
bottom_3813,top_64
bottom_5339,top_64
bottom_3432,top_65
bottom_3872,top_65
bottom_4823,top_65
bottom_5160,top_65
bottom_1045,top_66
bottom_1535,top_66
bottom_1709,top_66
bottom_3189,top_66
bottom_4302,top_66
bottom_3,top_67
bottom_545,top_67
bottom_4041,top_67
bottom_4822,top_67
bottom_5488,top_67
bottom_1520,top_70
bottom_3553,top_70
bottom_5006,top_70
bottom_1305,top_71
bottom_2676,top_71
bottom_5134,top_71
bottom_5203,top_71
bottom_96,top_72
bottom_1631,top_72
bottom_3863,top_72
bottom_42,top_73
bottom_146,top_73
bottom_1633,top_73
bottom_2051,top_73
bottom_3621,top_73
bottom_4455,top_73
bottom_4548,top_73
bottom_877,top_74
bottom_1302,top_74
bottom_4089,top_74
bottom_877,top_75
bottom_1302,top_75
bottom_4089,top_75
bottom_472,top_76
bottom_562,top_76
bottom_2090,top_76
bottom_2385,top_76
bottom_4510,top_76
bottom_622,top_77
bottom_3910,top_77
bottom_3969,top_77
bottom_1078,top_78
bottom_1428,top_78
bottom_104,top_79
bottom_277,top_79
bottom_888,top_79
bottom_1132,top_79
bottom_1630,top_79
bottom_2144,top_79
bottom_2898,top_79
bottom_1008,top_80
bottom_2631,top_80
bottom_4681,top_80
bottom_5456,top_80
bottom_1270,top_81
bottom_2447,top_81
bottom_3799,top_81
bottom_571,top_82
bottom_3199,top_82
bottom_3610,top_82
bottom_5225,top_82
bottom_41,top_83
bottom_797,top_83
bottom_3827,top_83
bottom_4072,top_83
bottom_2430,top_84
bottom_4937,top_84
bottom_5243,top_84
bottom_49,top_85
bottom_2622,top_85
bottom_3730,top_85
bottom_3734,top_85
bottom_4995,top_85
bottom_587,top_86
bottom_1350,top_86
bottom_2036,top_86
bottom_2858,top_86
bottom_4059,top_86
bottom_1589,top_87
bottom_2197,top_87
bottom_4690,top_87
bottom_1589,top_88
bottom_2197,top_88
bottom_4690,top_88
bottom_2305,top_89
bottom_3246,top_89
bottom_3610,top_89
bottom_3777,top_89
bottom_4152,top_89
bottom_4462,top_89
bottom_4721,top_89
bottom_4736,top_89
bottom_682,top_90
bottom_1636,top_90
bottom_2131,top_90
bottom_3283,top_90
bottom_3616,top_90
bottom_1234,top_91
bottom_1982,top_91
bottom_2963,top_91
bottom_3032,top_91
bottom_4113,top_91
bottom_4249,top_91
bottom_2033,top_92
bottom_2826,top_92
bottom_3503,top_92
bottom_3610,top_92
bottom_5070,top_92
bottom_5447,top_92
bottom_1793,top_93
bottom_2126,top_93
bottom_2268,top_93
bottom_5304,top_93
bottom_5641,top_93
bottom_2955,top_94
bottom_4436,top_94
bottom_4861,top_94
bottom_5204,top_94
bottom_5493,top_94
bottom_211,top_95
bottom_593,top_95
bottom_602,top_95
bottom_810,top_95
bottom_1734,top_95
bottom_5460,top_95
bottom_211,top_96
bottom_640,top_96
bottom_2511,top_96
bottom_2833,top_96
bottom_5498,top_96
bottom_48,top_97
bottom_196,top_97
bottom_1334,top_97
bottom_1432,top_97
bottom_2444,top_98
bottom_2957,top_98
bottom_3072,top_98
bottom_427,top_99
bottom_3305,top_99
bottom_5134,top_99
bottom_665,top_100
bottom_1755,top_100
bottom_2858,top_100
bottom_3658,top_100
bottom_4735,top_100
bottom_855,top_101
bottom_2073,top_101
bottom_2097,top_101
bottom_4021,top_101
bottom_5712,top_101
bottom_2141,top_102
bottom_2420,top_102
bottom_3804,top_102
bottom_226,top_103
bottom_2020,top_103
bottom_2664,top_103
bottom_4727,top_103
bottom_5195,top_103
bottom_204,top_104
bottom_1744,top_104
bottom_2240,top_104
bottom_3167,top_104
bottom_3825,top_104
bottom_3901,top_104
bottom_985,top_105
bottom_1177,top_105
bottom_4923,top_105
bottom_11,top_106
bottom_81,top_106
bottom_191,top_106
bottom_434,top_106
bottom_1064,top_106
bottom_2148,top_106
bottom_831,top_107
bottom_2334,top_107
bottom_3037,top_107
bottom_3185,top_107
bottom_3286,top_107
bottom_3795,top_107
bottom_569,top_108
bottom_2395,top_108
bottom_2747,top_108
bottom_3950,top_108
bottom_4870,top_108
bottom_5542,top_108
bottom_3,top_109
bottom_771,top_109
bottom_895,top_109
bottom_2051,top_109
bottom_2066,top_109
bottom_459,top_110
bottom_506,top_110
bottom_4041,top_110
bottom_4412,top_110
bottom_1713,top_111
bottom_3095,top_111
bottom_3952,top_111
bottom_4065,top_111
bottom_4947,top_111
bottom_826,top_112
bottom_895,top_112
bottom_977,top_112
bottom_1618,top_112
bottom_3499,top_112
bottom_3614,top_112
bottom_3769,top_112
bottom_5343,top_112
bottom_5368,top_112
bottom_640,top_113
bottom_707,top_113
bottom_1702,top_113
bottom_2533,top_113
bottom_4961,top_113
bottom_91,top_114
bottom_238,top_114
bottom_679,top_114
bottom_1111,top_114
bottom_1380,top_114
bottom_2171,top_114
bottom_5732,top_114
bottom_53,top_115
bottom_2191,top_115
bottom_2566,top_115
bottom_4821,top_115
bottom_5766,top_115
bottom_1550,top_117
bottom_2157,top_117
bottom_2722,top_117
bottom_4354,top_117
bottom_5653,top_117
bottom_217,top_118
bottom_2462,top_118
bottom_3238,top_118
bottom_5064,top_118
bottom_504,top_119
bottom_702,top_119
bottom_761,top_119
bottom_1704,top_119
bottom_2505,top_119
bottom_4367,top_119
bottom_5109,top_119
bottom_151,top_120
bottom_3780,top_120
bottom_3860,top_120
bottom_3878,top_120
bottom_1807,top_121
bottom_2683,top_121
bottom_5233,top_121
bottom_5529,top_121
bottom_946,top_122
bottom_1219,top_122
bottom_1278,top_122
bottom_1980,top_122
bottom_2683,top_122
bottom_743,top_125
bottom_961,top_125
bottom_4405,top_125
bottom_4963,top_125
bottom_5216,top_125
bottom_666,top_126
bottom_855,top_126
bottom_1582,top_126
bottom_2497,top_126
bottom_2805,top_126
bottom_2571,top_127
bottom_4217,top_127
bottom_4848,top_127
bottom_404,top_128
bottom_962,top_128
bottom_2239,top_128
bottom_2926,top_128
bottom_4521,top_128
bottom_1357,top_129
bottom_3033,top_129
bottom_3507,top_129
bottom_4186,top_129
bottom_5557,top_129
bottom_926,top_130
bottom_930,top_130
bottom_1115,top_130
bottom_1357,top_130
bottom_3852,top_130
bottom_4186,top_130
bottom_4190,top_130
bottom_5025,top_130
bottom_588,top_131
bottom_863,top_131
bottom_3055,top_131
bottom_3465,top_131
bottom_4035,top_131
bottom_4252,top_131
bottom_4273,top_131
bottom_4849,top_131
bottom_4868,top_131
bottom_20,top_132
bottom_141,top_132
bottom_941,top_132
bottom_2458,top_132
bottom_4024,top_132
bottom_4939,top_132
bottom_20,top_133
bottom_141,top_133
bottom_2458,top_133
bottom_4377,top_133
bottom_4822,top_133
bottom_1559,top_134
bottom_2109,top_134
bottom_2911,top_134
bottom_2948,top_134
bottom_3839,top_134
bottom_4211,top_134
bottom_5754,top_134
bottom_1136,top_135
bottom_1747,top_135
bottom_2820,top_135
bottom_141,top_136
bottom_182,top_136
bottom_916,top_136
bottom_2004,top_136
bottom_4265,top_136
bottom_5227,top_136
bottom_939,top_137
bottom_2200,top_137
bottom_2380,top_137
bottom_4253,top_137
bottom_5613,top_137
bottom_815,top_138
bottom_2280,top_138
bottom_3608,top_138
bottom_4355,top_138
bottom_730,top_139
bottom_2686,top_139
bottom_3777,top_139
bottom_728,top_140
bottom_2051,top_140
bottom_3243,top_140
bottom_5133,top_140
bottom_5474,top_140
bottom_975,top_141
bottom_2128,top_141
bottom_5134,top_141
bottom_258,top_142
bottom_3426,top_142
bottom_3589,top_142
bottom_4946,top_142
bottom_5027,top_142
bottom_174,top_143
bottom_252,top_143
bottom_2908,top_143
bottom_4730,top_143
bottom_4964,top_143
bottom_4965,top_143
bottom_5288,top_143
bottom_5666,top_143
bottom_267,top_144
bottom_690,top_144
bottom_1216,top_144
bottom_3193,top_144
bottom_5092,top_144
bottom_876,top_145
bottom_3000,top_145
bottom_3001,top_145
bottom_4896,top_145
bottom_5138,top_145
bottom_661,top_146
bottom_1566,top_146
bottom_3661,top_146
bottom_5134,top_146
bottom_83,top_147
bottom_377,top_147
bottom_1707,top_147
bottom_3494,top_147
bottom_468,top_148
bottom_2238,top_148
bottom_4326,top_148
bottom_5192,top_148
bottom_5712,top_148
bottom_215,top_149
bottom_1215,top_149
bottom_1279,top_149
bottom_1548,top_149
bottom_4679,top_149
bottom_1357,top_150
bottom_1761,top_150
bottom_2205,top_150
bottom_4792,top_150
bottom_4961,top_150
bottom_5557,top_150
bottom_5560,top_150
bottom_2637,top_151
bottom_2876,top_151
bottom_2975,top_151
bottom_3703,top_151
bottom_4558,top_151
bottom_670,top_152
bottom_1020,top_152
bottom_1920,top_152
bottom_3206,top_152
bottom_3596,top_152
bottom_3966,top_152
bottom_4096,top_152
bottom_638,top_153
bottom_2032,top_153
bottom_4652,top_153
bottom_5075,top_153
bottom_5660,top_153
bottom_109,top_154
bottom_2032,top_154
bottom_2070,top_154
bottom_2498,top_154
bottom_2568,top_154
bottom_4388,top_154
bottom_4597,top_154
bottom_1772,top_155
bottom_3181,top_155
bottom_3219,top_155
bottom_3243,top_155
bottom_4707,top_155
bottom_5125,top_155
bottom_362,top_156
bottom_1886,top_156
bottom_2093,top_156
bottom_3371,top_156
bottom_3397,top_156
bottom_4646,top_156
bottom_430,top_157
bottom_632,top_157
bottom_1786,top_157
bottom_2066,top_157
bottom_4337,top_157
bottom_5616,top_157
bottom_100,top_158
bottom_262,top_158
bottom_2894,top_158
bottom_5168,top_158
bottom_1887,top_159
bottom_3220,top_159
bottom_4409,top_159
bottom_1857,top_160
bottom_1995,top_160
bottom_2582,top_160
bottom_2720,top_160
bottom_3850,top_160
bottom_785,top_161
bottom_1452,top_161
bottom_2117,top_161
bottom_2903,top_161
bottom_5286,top_161
bottom_984,top_162
bottom_1094,top_162
bottom_2066,top_162
bottom_2270,top_162
bottom_4281,top_162
bottom_1257,top_163
bottom_2374,top_163
bottom_5650,top_163
bottom_1049,top_164
bottom_1920,top_164
bottom_3777,top_164
bottom_5531,top_164
bottom_1033,top_165
bottom_1701,top_165
bottom_2295,top_165
bottom_4222,top_165
bottom_1582,top_166
bottom_1621,top_166
bottom_2066,top_166
bottom_632,top_167
bottom_1667,top_167
bottom_3504,top_167
bottom_3686,top_167
bottom_5259,top_167
bottom_865,top_168
bottom_1479,top_168
bottom_2270,top_168
bottom_2358,top_168
bottom_3777,top_168
bottom_825,top_169
bottom_5130,top_169
bottom_5383,top_169
bottom_2653,top_171
bottom_3373,top_171
bottom_3777,top_171
bottom_4113,top_171
bottom_5605,top_171
bottom_580,top_172
bottom_914,top_172
bottom_3445,top_172
bottom_3553,top_172
bottom_4781,top_172
bottom_5223,top_172
bottom_393,top_173
bottom_461,top_173
bottom_1730,top_173
bottom_2000,top_173
bottom_4139,top_173
bottom_415,top_174
bottom_492,top_174
bottom_935,top_174
bottom_1196,top_174
bottom_2244,top_174
bottom_3151,top_174
bottom_5559,top_174
bottom_21,top_175
bottom_583,top_175
bottom_2293,top_175
bottom_3911,top_175
bottom_4230,top_175
bottom_4408,top_175
bottom_821,top_176
bottom_1841,top_176
bottom_3572,top_176
bottom_5225,top_176
bottom_5342,top_176
bottom_191,top_177
bottom_1357,top_177
bottom_1488,top_177
bottom_2301,top_177
bottom_2643,top_177
bottom_729,top_179
bottom_1261,top_179
bottom_2521,top_179
bottom_2540,top_179
bottom_2855,top_179
bottom_3036,top_179
bottom_3661,top_179
bottom_907,top_180
bottom_2984,top_180
bottom_4207,top_180
bottom_63,top_181
bottom_381,top_181
bottom_852,top_181
bottom_2018,top_181
bottom_2097,top_181
bottom_1035,top_182
bottom_4590,top_182
bottom_5003,top_182
bottom_216,top_183
bottom_542,top_183
bottom_3447,top_183
bottom_3562,top_183
bottom_3890,top_183
bottom_3950,top_183
bottom_4218,top_183
bottom_635,top_184
bottom_1118,top_184
bottom_3857,top_184
bottom_4031,top_184
bottom_4218,top_184
bottom_3625,top_185
bottom_4834,top_185
bottom_4945,top_185
bottom_940,top_186
bottom_953,top_186
bottom_2033,top_186
bottom_3380,top_186
bottom_3757,top_186
bottom_4094,top_186
bottom_4845,top_186
bottom_5401,top_186
bottom_222,top_187
bottom_2858,top_187
bottom_3835,top_187
bottom_4713,top_187
bottom_5133,top_187
bottom_548,top_188
bottom_1933,top_188
bottom_2218,top_188
bottom_2402,top_188
bottom_3064,top_188
bottom_5328,top_188
bottom_2094,top_189
bottom_2882,top_189
bottom_3344,top_189
bottom_3472,top_189
bottom_4186,top_189
bottom_13,top_190
bottom_2377,top_190
bottom_3298,top_190
bottom_3414,top_190
bottom_4654,top_190
bottom_4719,top_190
bottom_1254,top_192
bottom_1261,top_192
bottom_2041,top_192
bottom_4239,top_192
bottom_4394,top_192
bottom_5031,top_192
bottom_5512,top_192
bottom_1828,top_194
bottom_2494,top_194
bottom_2520,top_194
bottom_2886,top_194
bottom_3581,top_194
bottom_3755,top_194
bottom_3985,top_194
bottom_4093,top_194
bottom_5421,top_194
bottom_5679,top_194
bottom_884,top_195
bottom_2799,top_195
bottom_2901,top_195
bottom_4481,top_195
bottom_4482,top_195
bottom_2707,top_196
bottom_5434,top_196
bottom_5523,top_196
bottom_571,top_197
bottom_1695,top_197
bottom_1841,top_197
bottom_2602,top_197
bottom_3708,top_197
bottom_5034,top_197
bottom_213,top_198
bottom_1493,top_198
bottom_1716,top_198
bottom_3862,top_198
bottom_4011,top_198
bottom_265,top_200
bottom_468,top_200
bottom_559,top_200
bottom_1801,top_200
bottom_1982,top_200
bottom_3865,top_200
bottom_230,top_201
bottom_820,top_201
bottom_2542,top_201
bottom_3374,top_201
bottom_3834,top_201
bottom_2275,top_202
bottom_2401,top_202
bottom_3718,top_202
bottom_546,top_203
bottom_1263,top_203
bottom_1966,top_203
bottom_1990,top_203
bottom_3403,top_203
bottom_546,top_204
bottom_1263,top_204
bottom_1966,top_204
bottom_4318,top_205
bottom_5185,top_205
bottom_5400,top_205
bottom_606,top_206
bottom_1465,top_206
bottom_2103,top_206
bottom_3597,top_207
bottom_4191,top_207
bottom_4198,top_207
bottom_1217,top_208
bottom_1881,top_208
bottom_2274,top_208
bottom_2553,top_208
bottom_5008,top_208
bottom_1625,top_209
bottom_2414,top_209
bottom_5144,top_209
bottom_308,top_210
bottom_900,top_210
bottom_2904,top_210
bottom_3705,top_210
bottom_163,top_211
bottom_894,top_211
bottom_1690,top_211
bottom_1914,top_211
bottom_4588,top_211
bottom_1184,top_212
bottom_1494,top_212
bottom_4540,top_212
bottom_218,top_214
bottom_871,top_214
bottom_1067,top_214
bottom_1152,top_214
bottom_5143,top_214
bottom_3067,top_215
bottom_4023,top_215
bottom_4328,top_215
bottom_5059,top_215
bottom_4067,top_216
bottom_4396,top_216
bottom_5011,top_216
bottom_216,top_217
bottom_407,top_217
bottom_3032,top_217
bottom_5195,top_217
bottom_5431,top_217
bottom_1326,top_218
bottom_1767,top_218
bottom_3643,top_218
bottom_4163,top_218
bottom_4432,top_218
bottom_266,top_219
bottom_2155,top_219
bottom_3100,top_219
bottom_4237,top_219
bottom_5162,top_219
bottom_5212,top_219
bottom_5248,top_219
bottom_19,top_220
bottom_69,top_220
bottom_612,top_220
bottom_931,top_220
bottom_2157,top_220
bottom_2435,top_220
bottom_2721,top_220
bottom_3155,top_220
bottom_5121,top_220
bottom_5122,top_220
bottom_1569,top_221
bottom_1812,top_221
bottom_3449,top_221
bottom_4772,top_221
bottom_4891,top_221
bottom_707,top_222
bottom_1047,top_222
bottom_2958,top_222
bottom_2959,top_222
bottom_3982,top_222
bottom_616,top_223
bottom_1431,top_223
bottom_1488,top_223
bottom_2218,top_223
bottom_3495,top_223
bottom_5208,top_223
bottom_5290,top_223
bottom_639,top_224
bottom_2606,top_224
bottom_3350,top_224
bottom_3592,top_224
bottom_4407,top_224
bottom_44,top_225
bottom_1222,top_225
bottom_1839,top_225
bottom_2078,top_225
bottom_2268,top_225
bottom_3488,top_225
bottom_885,top_226
bottom_4097,top_226
bottom_4230,top_226
bottom_4480,top_226
bottom_5652,top_226
bottom_267,top_227
bottom_852,top_227
bottom_1000,top_227
bottom_1269,top_227
bottom_1303,top_227
bottom_2097,top_227
bottom_2793,top_227
bottom_3548,top_227
bottom_4529,top_227
bottom_4764,top_227
bottom_5425,top_227
bottom_758,top_228
bottom_3484,top_228
bottom_3637,top_228
bottom_4037,top_228
bottom_413,top_229
bottom_2141,top_229
bottom_2628,top_229
bottom_3275,top_229
bottom_5217,top_229
bottom_10,top_230
bottom_156,top_230
bottom_758,top_230
bottom_1080,top_230
bottom_2637,top_230
bottom_3213,top_230
bottom_449,top_231
bottom_1715,top_231
bottom_2697,top_231
bottom_3911,top_231
bottom_5134,top_231
bottom_1582,top_232
bottom_1621,top_232
bottom_2066,top_232
bottom_860,top_233
bottom_2289,top_233
bottom_4495,top_233
bottom_893,top_234
bottom_986,top_234
bottom_4495,top_234
bottom_382,top_235
bottom_1900,top_235
bottom_2534,top_235
bottom_3048,top_235
bottom_5551,top_235
bottom_1297,top_236
bottom_1307,top_236
bottom_2126,top_236
bottom_5225,top_236
bottom_5716,top_236
bottom_920,top_238
bottom_2137,top_238
bottom_4657,top_238
bottom_78,top_239
bottom_356,top_239
bottom_858,top_239
bottom_3338,top_239
bottom_3442,top_239
bottom_3627,top_240
bottom_4081,top_240
bottom_4750,top_240
bottom_4803,top_240
bottom_4981,top_240
bottom_5049,top_240
bottom_434,top_241
bottom_542,top_241
bottom_2890,top_241
bottom_3614,top_241
bottom_5733,top_241
bottom_1892,top_242
bottom_2056,top_242
bottom_2159,top_242
bottom_4360,top_242
bottom_4629,top_242
bottom_175,top_243
bottom_3806,top_243
bottom_4295,top_243
bottom_4649,top_243
bottom_472,top_244
bottom_714,top_244
bottom_2545,top_244
bottom_2976,top_244
bottom_3227,top_244
bottom_4272,top_244
bottom_4408,top_244
bottom_4874,top_244
bottom_5069,top_244
bottom_5312,top_244
bottom_1706,top_245
bottom_3320,top_245
bottom_4473,top_245
bottom_570,top_246
bottom_573,top_246
bottom_1962,top_246
bottom_3408,top_246
bottom_3488,top_246
bottom_570,top_247
bottom_573,top_247
bottom_1962,top_247
bottom_3408,top_247
bottom_3488,top_247
bottom_4154,top_247
bottom_5073,top_247
bottom_260,top_248
bottom_597,top_248
bottom_1602,top_248
bottom_4025,top_248
bottom_999,top_249
bottom_2237,top_249
bottom_4177,top_249
bottom_692,top_251
bottom_847,top_251
bottom_3747,top_251
bottom_5416,top_251
bottom_5507,top_251
bottom_886,top_252
bottom_2759,top_252
bottom_3496,top_252
bottom_789,top_253
bottom_3496,top_253
bottom_4283,top_253
bottom_1532,top_254
bottom_2615,top_254
bottom_3496,top_254
bottom_2615,top_255
bottom_2691,top_255
bottom_3673,top_255
bottom_2615,top_256
bottom_3182,top_256
bottom_3496,top_256
bottom_1294,top_257
bottom_1397,top_257
bottom_1499,top_257
bottom_3122,top_257
bottom_5215,top_257
bottom_276,top_259
bottom_913,top_259
bottom_1081,top_259
bottom_1500,top_259
bottom_1970,top_259
bottom_2167,top_259
bottom_3970,top_259
bottom_624,top_260
bottom_1348,top_260
bottom_3658,top_260
bottom_4833,top_260
bottom_5650,top_260
bottom_472,top_262
bottom_1450,top_262
bottom_2268,top_262
bottom_2713,top_262
bottom_3717,top_262
bottom_5748,top_262
bottom_1022,top_263
bottom_3316,top_263
bottom_5467,top_263
bottom_209,top_264
bottom_617,top_264
bottom_1338,top_264
bottom_1563,top_264
bottom_2826,top_264
bottom_3474,top_264
bottom_3648,top_264
bottom_4961,top_264
bottom_5196,top_264
bottom_1307,top_265
bottom_2870,top_265
bottom_5258,top_265
bottom_106,top_266
bottom_264,top_266
bottom_2712,top_266
bottom_562,top_267
bottom_616,top_267
bottom_720,top_267
bottom_4720,top_267
bottom_5133,top_267
bottom_168,top_268
bottom_571,top_268
bottom_2657,top_268
bottom_2924,top_268
bottom_3430,top_268
bottom_4901,top_268
bottom_5695,top_268
bottom_656,top_269
bottom_3459,top_269
bottom_4242,top_269
bottom_1666,top_270
bottom_2142,top_270
bottom_2578,top_270
bottom_2580,top_270
bottom_4541,top_270
bottom_4794,top_270
bottom_569,top_271
bottom_1290,top_271
bottom_1337,top_271
bottom_1672,top_271
bottom_2762,top_271
bottom_2807,top_271
bottom_4610,top_271
bottom_1372,top_272
bottom_1785,top_272
bottom_4249,top_272
bottom_4730,top_272
bottom_5069,top_272
bottom_963,top_273
bottom_2462,top_273
bottom_3777,top_273
bottom_4113,top_273
bottom_5211,top_273
bottom_833,top_274
bottom_1114,top_274
bottom_2077,top_274
bottom_3621,top_274
bottom_3748,top_274
bottom_110,top_276
bottom_4037,top_276
bottom_5006,top_276
bottom_204,top_277
bottom_1047,top_277
bottom_1783,top_277
bottom_3027,top_277
bottom_742,top_278
bottom_1251,top_278
bottom_2707,top_278
bottom_2922,top_278
bottom_4012,top_278
bottom_5434,top_278
bottom_655,top_279
bottom_783,top_279
bottom_2068,top_279
bottom_2153,top_279
bottom_3777,top_279
bottom_3961,top_279
bottom_5077,top_279
bottom_5464,top_279
bottom_54,top_280
bottom_300,top_280
bottom_572,top_280
bottom_1121,top_280
bottom_4071,top_280
bottom_1452,top_281
bottom_2733,top_281
bottom_3190,top_281
bottom_5485,top_281
bottom_5702,top_281
bottom_825,top_282
bottom_3617,top_282
bottom_5130,top_282
bottom_5383,top_282
bottom_631,top_283
bottom_5385,top_283
bottom_5678,top_283
bottom_1548,top_284
bottom_2090,top_284
bottom_2983,top_284
bottom_3243,top_284
bottom_4172,top_284
bottom_705,top_285
bottom_2629,top_285
bottom_3610,top_285
bottom_3777,top_285
bottom_4092,top_285
bottom_4123,top_285
bottom_2281,top_286
bottom_2920,top_286
bottom_3392,top_286
bottom_3734,top_286
bottom_3950,top_286
bottom_5232,top_286
bottom_5451,top_286
bottom_1758,top_287
bottom_2428,top_287
bottom_3510,top_287
bottom_4527,top_287
bottom_4532,top_287
bottom_4574,top_287
bottom_5743,top_287
bottom_672,top_288
bottom_1798,top_288
bottom_3604,top_288
bottom_3621,top_288
bottom_4470,top_288
bottom_90,top_289
bottom_2723,top_289
bottom_2852,top_289
bottom_3458,top_289
bottom_3639,top_289
bottom_3752,top_289
bottom_5238,top_289
bottom_1487,top_290
bottom_5348,top_290
bottom_5744,top_290
bottom_1356,top_291
bottom_1776,top_291
bottom_4723,top_291
bottom_767,top_292
bottom_1797,top_292
bottom_3027,top_292
bottom_4496,top_292
bottom_5136,top_292
bottom_737,top_294
bottom_1550,top_294
bottom_2630,top_294
bottom_3590,top_294
bottom_3688,top_294
bottom_1278,top_295
bottom_2090,top_295
bottom_2891,top_295
bottom_2994,top_295
bottom_4307,top_295
bottom_5724,top_295
bottom_2016,top_296
bottom_2460,top_296
bottom_3488,top_296
bottom_3696,top_296
bottom_3775,top_296
bottom_4556,top_296
bottom_653,top_297
bottom_841,top_297
bottom_1004,top_297
bottom_1447,top_297
bottom_2914,top_297
bottom_3416,top_297
bottom_3641,top_297
bottom_3828,top_297
bottom_4108,top_297
bottom_234,top_298
bottom_2348,top_298
bottom_2646,top_298
bottom_2676,top_298
bottom_3482,top_298
bottom_4694,top_298
bottom_4820,top_298
bottom_951,top_299
bottom_1304,top_299
bottom_5288,top_299
bottom_5735,top_299
bottom_66,top_300
bottom_1104,top_300
bottom_1846,top_300
bottom_2168,top_300
bottom_3236,top_300
bottom_1047,top_301
bottom_5134,top_301
bottom_5263,top_301
bottom_66,top_302
bottom_1725,top_302
bottom_5263,top_302
bottom_5359,top_302
bottom_1047,top_303
bottom_1846,top_303
bottom_5578,top_303
bottom_5597,top_303
bottom_943,top_304
bottom_1047,top_304
bottom_1846,top_304
bottom_2744,top_304
bottom_5747,top_304
bottom_943,top_305
bottom_1047,top_305
bottom_1846,top_305
bottom_5577,top_305
bottom_688,top_306
bottom_2393,top_306
bottom_4151,top_306
bottom_391,top_307
bottom_2540,top_307
bottom_3589,top_307
bottom_4791,top_307
bottom_5324,top_307
bottom_3990,top_308
bottom_4294,top_308
bottom_4618,top_308
bottom_338,top_309
bottom_2107,top_309
bottom_2688,top_309
bottom_3509,top_309
bottom_359,top_310
bottom_1159,top_310
bottom_1427,top_310
bottom_2623,top_311
bottom_5422,top_311
bottom_5656,top_311
bottom_3244,top_312
bottom_5316,top_312
bottom_5479,top_312
bottom_200,top_313
bottom_281,top_313
bottom_1336,top_313
bottom_1435,top_313
bottom_2321,top_313
bottom_3053,top_313
bottom_3188,top_313
bottom_4549,top_313
bottom_4814,top_313
bottom_5740,top_313
bottom_1099,top_314
bottom_3568,top_314
bottom_3728,top_314
bottom_4493,top_314
bottom_275,top_315
bottom_1298,top_315
bottom_1643,top_315
bottom_1649,top_315
bottom_3638,top_315
bottom_4748,top_315
bottom_5303,top_315
bottom_1682,top_316
bottom_1897,top_316
bottom_2504,top_316
bottom_142,top_317
bottom_1978,top_317
bottom_2991,top_317
bottom_4330,top_317
bottom_5208,top_317
bottom_5488,top_317
bottom_474,top_318
bottom_1363,top_318
bottom_2648,top_318
bottom_5713,top_318
bottom_1293,top_320
bottom_2215,top_320
bottom_4271,top_320
bottom_5524,top_320
bottom_738,top_321
bottom_1861,top_321
bottom_2893,top_321
bottom_1681,top_322
bottom_1757,top_322
bottom_2270,top_322
bottom_4183,top_322
bottom_5342,top_322
bottom_2217,top_323
bottom_4595,top_323
bottom_5367,top_323
bottom_508,top_325
bottom_921,top_325
bottom_1053,top_325
bottom_3092,top_325
bottom_4623,top_325
bottom_4949,top_325
bottom_5376,top_325
bottom_2232,top_326
bottom_3388,top_326
bottom_5198,top_326
bottom_2232,top_327
bottom_2326,top_327
bottom_5157,top_327
bottom_748,top_328
bottom_937,top_328
bottom_1353,top_328
bottom_1988,top_328
bottom_2736,top_328
bottom_445,top_330
bottom_923,top_330
bottom_1155,top_330
bottom_1448,top_330
bottom_1463,top_330
bottom_5071,top_330
bottom_556,top_331
bottom_812,top_331
bottom_843,top_331
bottom_1615,top_331
bottom_1687,top_331
bottom_2058,top_331
bottom_2337,top_331
bottom_2788,top_331
bottom_3461,top_331
bottom_3648,top_331
bottom_4668,top_331
bottom_5065,top_331
bottom_1207,top_332
bottom_4235,top_332
bottom_4490,top_332
bottom_290,top_333
bottom_670,top_333
bottom_681,top_333
bottom_1841,top_333
bottom_2053,top_333
bottom_2671,top_333
bottom_2687,top_333
bottom_247,top_334
bottom_1438,top_334
bottom_2192,top_334
bottom_3592,top_334
bottom_3928,top_334
bottom_4568,top_334
bottom_4894,top_334
bottom_79,top_335
bottom_2659,top_335
bottom_2794,top_335
bottom_2726,top_336
bottom_3291,top_336
bottom_4816,top_336
bottom_2117,top_337
bottom_2320,top_337
bottom_4816,top_337
bottom_247,top_338
bottom_1792,top_338
bottom_3291,top_338
bottom_1266,top_339
bottom_1507,top_339
bottom_1691,top_339
bottom_2424,top_339
bottom_3389,top_339
bottom_4003,top_339
bottom_5139,top_339
bottom_709,top_340
bottom_833,top_340
bottom_1304,top_340
bottom_2228,top_340
bottom_4955,top_340
bottom_136,top_341
bottom_1140,top_341
bottom_3262,top_341
bottom_4983,top_341
bottom_2754,top_342
bottom_5219,top_342
bottom_5647,top_342
bottom_2390,top_345
bottom_2493,top_345
bottom_3418,top_345
bottom_4084,top_345
bottom_4441,top_345
bottom_1443,top_346
bottom_1791,top_346
bottom_5432,top_346
bottom_750,top_347
bottom_1075,top_347
bottom_2457,top_347
bottom_555,top_348
bottom_866,top_348
bottom_1970,top_348
bottom_2643,top_348
bottom_3095,top_348
bottom_3474,top_348
bottom_4082,top_348
bottom_4724,top_348
bottom_312,top_349
bottom_937,top_349
bottom_1365,top_349
bottom_3483,top_349
bottom_3975,top_349
bottom_77,top_350
bottom_2609,top_350
bottom_3034,top_350
bottom_3260,top_350
bottom_4824,top_350
bottom_5026,top_350
bottom_995,top_352
bottom_2179,top_352
bottom_3739,top_352
bottom_581,top_353
bottom_1041,top_353
bottom_1258,top_353
bottom_2129,top_353
bottom_3679,top_353
bottom_5673,top_353
bottom_2899,top_354
bottom_3850,top_354
bottom_4459,top_354
bottom_4544,top_354
bottom_4633,top_354
bottom_5737,top_354
bottom_1023,top_355
bottom_3176,top_355
bottom_3226,top_355
bottom_4550,top_355
bottom_4912,top_355
bottom_145,top_356
bottom_643,top_356
bottom_2028,top_356
bottom_4300,top_356
bottom_5065,top_356
bottom_588,top_357
bottom_2264,top_357
bottom_3055,top_357
bottom_3465,top_357
bottom_4252,top_357
bottom_4571,top_357
bottom_4841,top_357
bottom_5719,top_357
bottom_205,top_360
bottom_694,top_360
bottom_2436,top_360
bottom_3101,top_360
bottom_5623,top_360
bottom_204,top_361
bottom_2193,top_361
bottom_2258,top_361
bottom_4653,top_361
bottom_5082,top_361
bottom_5468,top_361
bottom_5496,top_361
bottom_2540,top_362
bottom_2855,top_362
bottom_5324,top_362
bottom_1801,top_363
bottom_4865,top_363
bottom_5417,top_363
bottom_5466,top_363
bottom_5627,top_363
bottom_2319,top_364
bottom_3707,top_364
bottom_2767,top_365
bottom_4175,top_365
bottom_4485,top_365
bottom_5443,top_365
bottom_286,top_366
bottom_1704,top_366
bottom_1878,top_366
bottom_2564,top_366
bottom_3696,top_366
bottom_4268,top_366
bottom_484,top_367
bottom_620,top_367
bottom_1989,top_367
bottom_2261,top_367
bottom_3047,top_367
bottom_3469,top_367
bottom_4900,top_367
bottom_237,top_368
bottom_531,top_368
bottom_597,top_368
bottom_1739,top_368
bottom_2998,top_368
bottom_3147,top_368
bottom_3408,top_368
bottom_1055,top_369
bottom_1058,top_369
bottom_4984,top_369
bottom_931,top_370
bottom_1120,top_370
bottom_1452,top_370
bottom_1569,top_370
bottom_2199,top_370
bottom_781,top_372
bottom_1262,top_372
bottom_1477,top_372
bottom_2231,top_372
bottom_3255,top_372
bottom_4132,top_372
bottom_4485,top_372
bottom_5635,top_372
bottom_106,top_373
bottom_264,top_373
bottom_2712,top_373
bottom_749,top_374
bottom_925,top_374
bottom_2868,top_374
bottom_3288,top_374
bottom_4691,top_374
bottom_4707,top_374
bottom_5531,top_374
bottom_870,top_375
bottom_1433,top_375
bottom_1485,top_375
bottom_1802,top_375
bottom_2415,top_375
bottom_4525,top_375
bottom_4694,top_375
bottom_473,top_376
bottom_712,top_376
bottom_1072,top_376
bottom_2792,top_376
bottom_3927,top_376
bottom_4967,top_376
bottom_1241,top_377
bottom_1953,top_377
bottom_2403,top_377
bottom_3352,top_378
bottom_3434,top_378
bottom_5606,top_378
bottom_664,top_379
bottom_1114,top_379
bottom_2063,top_379
bottom_3861,top_379
bottom_3970,top_379
bottom_3986,top_379
bottom_1216,top_380
bottom_1284,top_380
bottom_1722,top_380
bottom_1910,top_380
bottom_3193,top_380
bottom_5140,top_380
bottom_3130,top_381
bottom_3569,top_381
bottom_3690,top_381
bottom_5285,top_381
bottom_5657,top_381
bottom_1237,top_382
bottom_2760,top_382
bottom_655,top_383
bottom_1258,top_383
bottom_2151,top_383
bottom_3410,top_383
bottom_4031,top_383
bottom_958,top_384
bottom_4233,top_384
bottom_4548,top_384
